id;title;content;date
1;East UDP Checking;../fake-data/blob/hipster.txt;2023-06-10T16:38:42
2;utilize Southwest;../fake-data/blob/hipster.txt;2023-06-10T06:45:05
3;Granite paradigms;../fake-data/blob/hipster.txt;2023-06-09T23:57:18
4;Minnesota female Sausages;../fake-data/blob/hipster.txt;2023-06-10T12:42:01
5;Indium North;../fake-data/blob/hipster.txt;2023-06-10T10:50:25
6;buoyant;../fake-data/blob/hipster.txt;2023-06-10T18:15:56
7;male maroon Decentralized;../fake-data/blob/hipster.txt;2023-06-10T16:52:01
8;iron Bicycle South;../fake-data/blob/hipster.txt;2023-06-10T07:15:27
9;program;../fake-data/blob/hipster.txt;2023-06-10T00:59:20
10;unlike Granite Implementation;../fake-data/blob/hipster.txt;2023-06-10T20:00:08
